metric,n,nunique,min,max,mean,std
updown,1547,1,1.0,1.0,1.0,0.0
profit,1547,1546,-20.967908599999962,19.842728600000118,0.7253976092098808,17.814141097288008
